jobname,money,company_name,p_bot,industry,job_bt
机器学习研发工程师,30k-55k,美团点评,"30k-55k,经验3-5年,本科","移动互联网,O2O / D轮及以上","
职位描述：

职位描述：工作职责：结合新美大的技术和产品，开发和打磨特定的机器学习算法。职位要求：1. 理工类211、985本科及以上学历；2. 熟练掌握数理统计和机器学习的基础理论和方法，能从海量数据中发现规律；3. 在一个或多个领域有相关项目经验：数据挖掘、自然语言处理、图像处理、分布式计算、GPU并行计算等；4.熟练掌握c/c++、python/perl/shell等语言编程、及数据结构基础算法；5. 优秀的分析和解决问题的能力，对解决具有挑战性问题充满激情。


"
机器学习/数据挖掘工程师,20k-40k,百度,"20k-40k,经验不限,本科","移动互联网,数据服务 / 不需要融资","
职位描述：

工作职责
-负责路线检索和排序的合理性 
-分析现有召回和排序模型，提升路线规划合理性 
-挖掘路线权重、用户偏好，优化现有排序模型 
-挖掘和学习用户行为，提升推荐的满意度

任职资格
-计算机、或其他信息类专业的本科及以上学历 
-熟悉数据挖掘、机器学习算法，有2年以上相关经验
-熟悉linux、C/C++编程，python、shell或其他脚本语言 
-优秀的逻辑分析和总结能力，善于解决问题和分析问题 
-对工作有责任心，良好的沟通和团队合作能力

"
资深机器学习工程师,40k-80k,心知科技,"40k-80k,经验3-5年,本科","企业服务,数据服务 / A轮","
职位描述：

# 关于我们 #
心知科技是一家专注于处理和计算自然界大数据的公司。我们利用大数据和人工智能技术分析海量的自然界大数据，帮助企业降低风险、提高收益，把控天气与环境变化带来的机遇和挑战。

# 工作内容 #
利用机器学习/深度学习建立业务预测模型，指导客户决策；
利用机器学习/深度学习进行天气预测和优化。

# 职位要求 #
数学、统计学、计算机背景；
熟练掌握机器学习算法原理；
优秀的编程能力，精通Python或R等。熟悉主流深度学习工具TensorFlow/Caffe/MXNet等；
利用机器学习/深度学习解决过实际自然科学问题或商业问题优先；
对工作追求卓越，相信“认真你就赢了”。

# 当你加入这个团队 #
可以和来自微软、SAP、亚马逊等公司的精英们碰撞；
体验创业公司独有的工作模式和文化，享受硅谷式的弹性工作时间；
除了基础的五险一金，我们还有：
年度至少14薪，并有机会获得股票期权
已认证为高新技术企业，可办理《北京市工作居住证》
中关村最高端的写字楼和办公环境，地下餐厅、电影院、健身房一应俱全
免费自助午餐、免费零食饮料投喂
租房补贴
Macbook Pro + 专业显示器
每周羽毛球
生日礼物
年度体检、商业医保等等~
当然最重要的是，和我们一起让人们站在上帝视角认知地球！

"
高级视觉设计师,18k-35k,拉勾网,"18k-35k,经验3-5年,本科","企业服务,招聘 / D轮及以上","
职位描述：



你来拉勾做什么
- 对接拉勾网市场/运营/商服的日常专题（活动）设计需求；
- 探讨适合拉勾的视觉调性和主导大型活动的视觉设计；
- 在拉勾品牌调性的基础上与各部门完美协作，优化拉勾对外视觉产出质量；
- 归纳设计内容，与团队一起创造设计影响力，用设计正面提升拉勾品牌形象。

你需要具备的职业素质
- 优秀的设计功底，不错的手绘能力，能驾驭各种设计风格；
- 丰富的互联网设计经验且有拿得出手的高质量完整项目作品；
- 具有敏锐的设计嗅觉，热爱设计富有责任感；
- 良好的表达沟通能力／归纳总结能力／团队协作精神；
- 认同拉勾价值观：结果导向、快速执行、自我驱动；

拉勾能给你的
- 互补型团队成员，简单的人际关系，闪光点的碰撞和磨合；
- 自由开放的工作环境（有多自由你来了就知道）；
- 包中餐、晚餐、下午茶水果；
- 六险一金以及年终奖励、期权激励；


* 投递简历请附带作品或作品链接，无作品不决策，谢谢理解；
* 本岗位与UI设计无重叠，请UI设计师谨慎投递；本岗位只招高级视觉设计师，请初中级设计师谨慎投递，谢谢。


"
机器学习工程师,25k-50k,京东金融,"25k-50k,经验3-5年,本科",金融 / 上市公司,"
职位描述：

岗位职责:
1、参与基于大数据的分布式机器学习平台的设计与构建；
2、紧跟业界前沿,针对不断增长的业务需求和算法多样性创新提供技术解决方案；
3、对机器学习平台性能与可扩展性进行持续及深度优。

任职要求:
1、本科及以上学历,在机器学习框架、分布式系统方向有深入研究；
2、熟练掌握 Python/Java,熟悉多线程、协程、网络通信,熟悉MP|、CUDA等高性能计算框架；
3、熟悉 saiki-earn、 Tensorflow、 Sparkmlib等主流深度学习框架,并能灵活解决实际问题；
4、深刻理解机器学习流程及大数据处理技术,并能进行实现及运用到应用场景；
5、较强的学习能力,良好的技术方案规划和沟通能力。

"
机器学习研究员,25k-50k,联想集团,"25k-50k,经验3-5年,硕士","移动互联网,数据服务 / 上市公司","
职位描述：

工作职责：
负责机器学习领域的技术研发和前沿问题的探索与研究，包括但不限于统计学习、神经网络模型设计与优化、增强学习、迁移学习等，并结合企业实际应用场景，提供全面的技术解决方案。
负责利用相关机器学习算法对商务智能应用提供模型支持，包括供应链需求预测、库存及物流网络优化、智能定价、用户行为分析，异常检测等；
任职要求：
1.     计算机科学、电子工程、数学、统计学或其它人工智能相关专业博士，硕士，3年以上研发经验；
2.     对常见的机器学习算法有比较深入的理解，扎实的数据分析和建模能力；
3.     有机器学习、计算机视觉、自然语言处理、数据挖掘等领域企业的工作经验，在某个子领域有过较深入的建模经验积累，比如预测、聚类等；
4.     精通至少一种编程语言，包括但不限于Python，C/C++、C#、Java、R等；
5.     对常见的机器学习或深度学习架构（例如Tensorflow，Caffe，Torch或Theano等）源码有研究；良好的深度学习建模基础，对调参细节有清晰的把握；
6.     在计算机科学顶级会议和期刊如NIPS、ICML、CVPR、ICCV、AAAI、KDD、ACL、PAMI、IJCV等发表过论文者优先考虑；
7.     有较强的沟通能力，能够逻辑清晰地进行自我表达，团队合作意识强，与人沟通积极主动；

"
机器学习/深度学习平台优化工程师,20k-40k,猎户星空,"20k-40k,经验3-5年,本科","移动互联网,硬件 / A轮","
职位描述：

工作职责：
针对TensorFlow/MXNet等开源框架进行优化，将最新的研究成果应用到实践中
岗位要求：1. 熟悉linxu编程环境，有较强的开发能力(python/java，最好熟悉C++)2. 熟悉一种以上并行编程的框架，包括但不限于：Cuda/OpenMP/MPI等等。有FPGA经验更好。3. 熟悉性能调优的工具和方法4. 了解开源的深度学习框架，有过开发经验的优先5. 善于学习，有良好的沟通能力和团队合作精神

"
机器学习,12k-20k,客知音,"12k-20k,经验1-3年,本科","企业服务,移动互联网 / 天使轮","
职位描述：

我们是一家利用人工智能技术解决垂直领域问题的技术驱动公司。

“人工智能是不是未来”是个伪命题。“人工智能究竟在什么领域会率先落地”、“如何最快和最大程度地服务于人们生活和工作”，才是需要讨论的问题。我们正以实际行动给出我们的答案。

我们正处第四次工业革命的历史机遇期。第一次工业革命人类发明了蒸汽机，解放了人们的双手；第二次工业革命人类发明了电，发展了石油工业和内燃机，让人们可以快速地去到自己想去的地方，解放了人们的双脚；第三次工业革命是信息革命，人类发明了互联网，让千里之外的影音图像可以转瞬之间出现在人的眼前，解放了人的眼睛和耳朵；而第四次，人类找到了让机器“自我学习”的方法，旨在解放人的大脑，让机器替人类“思考”。

就像亚马逊不是搬到网上的沃尔玛，移动互联网不是电脑屏幕变小了的互联网一样，人工智能时代的产品功能、用户交互都将发生翻天覆地的变化。

如果你对开发一款人工智能产品感兴趣，或者对任何产品的“智能化”感兴趣，欢迎找我们聊聊，我们是这个领域的先行者，也总结了一些思路和经验希望和你分享。

# 工作职责

* 负责开发智能销售对话分析业务所需的线上服务
* 以后端开发工作为主，视兴趣和能力可以拓展到AI算法研究和开发
* 创造自动化工具，帮助数据科学团队伙伴提升研究效率

# 职位要求

* 愿意加入创业团队,有上进心,能承受高强度工作压力
* 大学本科学历，计算机科学、软件工程、信息学或相关专业
* 曾独立完成包含前端和后端的 Web 项目（个人项目亦可）
* 熟悉 Python 进行后端或算法开发
* 熟悉 Linux 开发环境，熟悉 Mysql, Redis, Mongodb 至少一种

# 加分项

* 有机器学习、数据挖掘方面学习或比赛经历
* 玩儿过函数式编程
* 研究过 DevOps
* 如有 GitHub 账号或技术博客，请在简历中写明

# 岗位诱惑

* 斯坦福、哥大、清华、北大等名校同事；
* 办公地点方便；东直门地铁站楼上就是；
* 自由开放、整洁温馨的办公环境；
* 公司气氛融洽；
* 免费午餐和晚餐；
* 水果零食；

# 关于我们

北京智合大方科技有限公司是一家新锐的人工智能创业公司。 智合大方科技产品“客知音”是国内首个销售对话智能分析系统。

客知音将销售对话转录成文字，并利用人工智能和大数据技术挖掘对话中的价值。客知音目前服务的客户主要在企业服务、金融和教育行业。我们和国内的多家呼叫中心系统和CRM厂商开展了不同层面的合作，协力为销售客户提供最完整的解决方案。

公司于2017年8月完成峰瑞资本数百万人民币的天使轮融资。

大牛手带 海量数据 机器学习 硅谷文化

"
机器学习工程师,15k-30k,中诚信征信,"15k-30k,经验1-3年,本科","移动互联网,金融 / 不需要融资","
职位描述：

岗位职责：
1）负责信贷业务数据处理、变量加工和建模等工作；
2）负责机器学习、深度学习领域的算法模型研究工作；
3）负责机器学习平台项目的技术研发，根据业务需求对相关工具、算法进行稳定性和性能优化。 
 
任职要求：
1）985硕士及以上学历，数学、统计、计算机等相关专业均可，理论基础好；；
2）熟悉常用的机器学习算法，如随机森林，GBDT，聚类等；
3）熟练掌握python编程语言，代码能力强，熟悉Java者优先录用；；
4）熟悉Hive、HBase、Storm、Spark等开源平台，有丰富的工程项目经验；
5. 熟悉神经网络、深度学习，有相关工作经验者优先。

公司简介：（ http://www.ccxcredit.com.cn/） 
    中诚信征信有限公司（简称“中诚信征信”）隶属于中诚信集团。在企业征信、个人征信、商业信息服务、市场调研咨询等领域，拥有十余年的丰富经验。公司始终坚守中立、客观、公正的理念，秉持专业、诚信、严谨的操守，做市场认可的独立第三方征信机构。    中诚信征信于 2014 年 6 月，率先获得全国企业征信业务经营备案资质，并于 2015 年 1 月，成为首批获准开展个人征信业务准备工作的独立第三方征信机构。作为第一批央行获得批准开展个人征信准备工作的民间征信机构，中诚信征信在商业利益驱动以外，希望能通过市场化行为和生活化应用让更多的人更好的了解个人信用的价值，促进我国社会化信用体系建设良性发展。
我们的优势 
 底蕴：隶属于中国最大的信用管理集团--中国诚信集团。
 资质：中国第一张企业征信牌照、首批个人征信准备工作牌照。
 专业：十余年征信行业领导者，持续专注于征信技术的研发。
 客观：坚持独立第三方定位，秉持客观中立原则。
 全面：线上与线下征信相结合，涵盖标准化与定制化服务。
 创新：中国首批互联网大数据征信的践行者。
我们的福利：
    我们不仅为员工提供优厚的福利保障，还致力于打造轻松、愉快的团队环境：
——按国家标准缴纳社保、公积金；
——年度14-15薪；
——扁平化管理，平易近人的领导团队；
——丰富的内、外部培训分享平台；
——每周五4点半下班，开启各类丰富有趣的团建活动；
——弹性的工作时间；
——免费午餐，更有多重美味的零食供以选择；
——位于东二环环境优美的独立四合院，紧邻地铁5、6号线东四站。

"
自然语言处理\机器学习\数据挖掘工程师要医疗背景,25k-35k,康夫子,"25k-35k,经验3-5年,本科","移动互联网,医疗健康 / A轮","
职位描述：

岗位职能：
通过NLP信息抽取、数据挖掘等技术，从海量病历、论文、医学电子书籍、网页中进行知识挖掘，根据应用需求设计并完善医学知识图谱；开发并完善基于知识图谱的CDSS(临床辅助决策系统)。

背景需求(满足其中一条即可)：
 (1) 具有医学信息学/生物信息学/临床医学学历背景；
 (2) 具有一年以上医学文本信息挖掘工作经验；
 (包括住院病历、医学文献、基因、蛋白结构等文本/字符序列信息挖掘)
 (3) 具有NLP信息抽取、知识图谱构建、工作背景；
 (4) 具有CDSS(临床辅助决策系统)核心功能开发经验；

技能需求：
（1）熟悉linux开发环境；
（2）熟悉常用基本数据结构、算法；
（3）熟练使用python语言(生物信息方向 perl语言也可)；

加分项：
(1) 熟悉常用机器学习、数据挖掘、NLP相关应用与算法
 (2) 熟练使用hadoop、spark等分布式存储计算工具

我们的亮点：
1、 技术背景：多位百度NLP大牛，内功深厚，领跑行业；
2、 医学背景：北大医学博士，从业多年，精准把握医疗痛点；
3、 资金背景：数千万A轮融资，未来几年吃喝不愁；
4、 薪资待遇：年中奖励，年底三薪，股票期权；
5、 团队氛围：人少精悍，低调务实，充分信任，珍惜人才；
6、 公司未来：人工智能+全科医生，热门中的热门。

"
机器学习研发工程师,25k-50k,数美,"25k-50k,经验1-3年,本科","企业服务,数据服务 / B轮","
职位描述：

360、小米、百度等顶级互联网公司联合投资，顶级大数据公司
 

岗位职责：
1、基于数美海量数据进行数据建模与分析
2、对海量数据进行feature selection, combination等feature engineering工作 
3、针对海量用户行为数据，构建用户兴趣属性，金融属性画像，欺诈属性等多维度画像 
4、基于海量画像数据，构建金融风控，互联网反作弊，精准营销，垃圾内容等模型和服务

职位要求：
1、硕士及以上学历，机器学习或统计学习建模领域拥有实际工作经验；
2、良好的逻辑思维能力，能够从海量数据中发现有价值的规律，熟悉大规模数据挖掘、机器学习等基本算法；
3、编程基础扎实，熟悉算法数据结构，有超过2年以上C++或Python开发经验  
4、有金融模型、广告算法、推荐算法等相关领域研究或实践经验者优先；
5、 踏实勤奋，自我驱动  
 

公司福利待遇：
有竞争力的薪酬
期权奖励
五险一金+商业保险
午餐+晚餐补助
交通+通讯+电脑补贴
结婚+生育+丧葬+住院礼金
伯乐奖金
年假8天起+带薪病假
年度体检、零食畅享、团队建设、生日会、弹性办公


数美领先的大数据技术、产品与服务提供商
我们正在经历一个IT到DT的变革时代。大数据已经渗透到各个环节，各个角落。
这个世界，就是掩藏在表象之下，被数据所揭示的世界！
数美依托积累的海量数据、科技前沿技术， 极致的工匠精神和对数据的深度理解，提供领先的大数据产品与服务。 
我们正在寻找不平凡的你，和我们一起“发现数据之美”
欢迎投递简历

【关于数美】www.ishumei.com
 【关于数美】数美（全称北京数美时代科技有限公司）成立于2015年6月，是一家专业的大数据科技公司。数美依托先进的核心AI技术和海量的数据基础，致力于解决多场景欺诈问题，为客户提供专业、可信赖的服务。团队均来自百度、阿里、腾讯、360、小米等顶尖互联网公司，在大数据、人工智能、机器学习、金融风控等领域有着丰富的实践经验。目前，业务已覆盖金融、支付、直播、社交、电商、O2O等为代表的多个行业领域，其中包括中信银行、用钱宝、人人贷、51信用卡、360、小米、58同城、爱奇艺、熊猫直播、花椒、唱吧等知名企业，截止到2017年6月，服务客户突破1000家。作为大数据反欺诈专业品牌，数美将持续挖掘数据价值，为金融机构、互联网企业提供智能、创新的一站式反欺诈综合解决方案

…………………………………………………………………………
了解更多
数美公司介绍
https://www.ishumei.com/aboutUs/introduction.html 
数美团队介绍
https://www.ishumei.com/aboutUs/team.html 
数美产品介绍
https://www.ishumei.com/product/creditFengkong.html 
数美解决方案介绍
https://www.ishumei.com/solution/finance.html 


"
机器人调试工程师,8k-15k,钢铁侠科技,"8k-15k,经验不限,本科",硬件 / A轮,"
职位描述：

工作需求(全职)：1. 1年及以上机器人领域相关工程经验。（在校也可）2. 熟练使用C/C++或者Python编程语言。 3. 具备较为扎实的电气知识。4.了解机器人控制系统，熟练使用相关电子测试仪器。

"
机器学习工程师,25k-50k,滴滴出行,"25k-50k,经验3-5年,本科",移动互联网 / 不需要融资,"
职位描述：


通过机器学习技术打造司机体验建模、乘客信誉建模、司机构成分类、乘客留存建模等技术，结合机制设计进行利益分配促成良性生态，打造出行平台的长期增长引擎。任职资格：1. 计算机或数学相关专业毕业，有扎实的数据结构和算法基础，或者有较好的数学功底；2. 编程基础扎实，熟练使用至少一种常用的编程语言，包括但不限于：C++、Python、Scala、Go、Java、Matlab；3. 在机器学习或数据挖掘方向有较强的积累，熟悉经典的算法并有实践经验，包括LR、SVM、GBDT、Reinforcement Learning、Deep Learning；4. 有学习热情，关注业界前沿技术，follow人工智能国际会议研究动态，不断提升自己在机器学习、运筹优化、机制设计、数理统计。


"
高级视觉设计师,15k-30k,一起作业网,"15k-30k,经验3-5年,本科","移动互联网,教育 / D轮及以上","
职位描述：

岗位职责：
负责一起作业中学产品的视觉设计工作，基于对用户及产品的良好理解能力，准确高效的输出符合业务诉求视觉设计
 独立完成视觉概念设计提案及视觉设计
 分析行业设计动态，准确把握产品设计风格并升级迭代，提高设计质量
 负责制定、完善、优化设计流程和视觉规范，并跟进实施推进团队的设计产出
 
岗位要求：
有成功的移动端产品设计案例
艺术设计、工业设计、视觉传达等相关专业本科以上学历优先，扎实的美术功底与审美水平，良好的手绘功底
三年以上UI设计工作经验，具备iOS、Android平台产品的设计经验和快速学习能力
对移动产品的整体风格、视觉流程、操作流程有细致到位的设计能力
 关注用户体验设计，丰富的设计理论知识和对流行趋势敏锐的洞察力
 良好的沟通能力、富有工作激情、创造力和高度责任感

"
机器学习/数据挖掘专家,20k-40k,天猫,"20k-40k,经验1-3年,硕士","移动互联网,电子商务 / 上市公司","
职位描述：

岗位描述:
结合阿里的大数据和算法能力，提供赋能商家或品牌进行客户运营以及uni-marketing品牌营销相关的个性化推荐、人群生成与洞察、销量与趋势预测、营销投放、customer journey设计、内容生成等决策与辅助工具。具体工作职责如下：

1. 算法需求开发与优化，包括但不限于推荐系统、运筹优化、文本挖掘、预测与决策等方向；
2. 透过数据分析与实验设计快速验证商业假设；
3. 深入业务挖掘有商业价值的算法应用并进行技术预研和原型开发；
4. 跟踪最新机器学习进展。

岗位要求:
1. 计算机、运筹优化、数学相关专业硕士以上学历，算法相关工作经验一年以上；
2. 熟悉 Java、C/C++、Python其中一种开发语言，有数据结构与算法的基础；
3. 深入了解机器学习算法如 LR、GBDT、SVM、RL、DNN、CNN、RNN中的一部分或全部，有一定广度；
4. 乐于深入业务，成为业务专家，并能把业务和技术做有机的结合；
5. 出色的沟通能力，能承受一定工作压力，喜欢自我驱动的工作，有ownership。

有以下经验者优先：
1. 广告或商业类算法项目的实际经验
2. 有搜索引擎、推荐系统、大规模机器学习框架、深度学习应用、运筹优化、NLP等项目的实际经验
3. 长期跟踪机器学习领域的研究论文

"
资深机器学习专家,30k-50k,美团点评,"30k-50k,经验3-5年,硕士","移动互联网,O2O / D轮及以上","
职位描述：

职位描述1.各类机器学习算法优化（数据、特征、模型、实时）2.增强学习、Online Learning建模和优化3. 业务问题分析、目标确定、评估方案，并能针对性建模和优化
职位要求1. 2年以上工作经验，计算机、统计、信息工程硕士以上学历2. 精通机器学习算法，丰富的数据分析、挖掘、建模经验3. 优秀的业务理解、目标制定、沟通能力4. 优秀开发能力（SQL/Java/Python/R/Scala等），熟悉大数据开发平台（Hadoop/Hive/Spark/Storm)5. 熟悉LR、RF、GBDT、FFM等算法优先

"
视觉技术部-产品经理,18k-36k,百度,"18k-36k,经验1-3年,本科","移动互联网,数据服务 / 不需要融资","
职位描述：

工作职责:
-负责百度视觉技术部嵌入式，视频，图像产品的建设和维护，参与重量级人工智能产品建设
-跟进产品上线进展，分析用户行为，收集用户反馈和运营需求，对产品进行持续优化和改进
-辅助内外部项目的需求分析、设计、实施落地等工作
-对行业内相关信息进行搜集与分析，掌握行业及竞争对手的发展趋势及动态
职责要求:
-本科及以上学历
-熟悉互联网产品，熟悉人工智能行业和产品
-有成功的互联网产品经历，有项目管理经验，有人工智能产品经验者优先
-熟悉计算机视觉产品，熟悉相关产品研发流程，有相关产品经验者优先
-积极主动，有高度的责任心、耐心，工作认真负责
-逻辑思维清晰，能敏捷的发现产品问题，并推动方案解决
-具有较强的学习能力、沟通能力及团队协助能力

"
机器学习研发工程师,25k-50k,数美,"25k-50k,经验1-3年,本科","企业服务,数据服务 / B轮","
职位描述：

360、小米、百度等顶级互联网公司联合投资，顶级大数据公司
 

岗位职责：
1、基于数美海量数据进行数据建模与分析
2、对海量数据进行feature selection, combination等feature engineering工作 
3、针对海量用户行为数据，构建用户兴趣属性，金融属性画像，欺诈属性等多维度画像 
4、基于海量画像数据，构建金融风控，互联网反作弊，精准营销，垃圾内容等模型和服务

职位要求：
1、硕士及以上学历，机器学习或统计学习建模领域拥有实际工作经验；
2、良好的逻辑思维能力，能够从海量数据中发现有价值的规律，熟悉大规模数据挖掘、机器学习等基本算法；
3、编程基础扎实，熟悉算法数据结构，有超过2年以上C++或Python开发经验  
4、有金融模型、广告算法、推荐算法等相关领域研究或实践经验者优先；
5、 踏实勤奋，自我驱动  
 

公司福利待遇
有竞争力的薪酬
期权奖励
五险一金+商业保险
午餐+晚餐补助
交通+通讯+电脑补贴
结婚+生育+丧葬+住院礼金
伯乐奖金
年假8天起+带薪病假
年度体检、零食畅享、团队建设、生日会、弹性办公


数美领先的大数据技术、产品与服务提供商
我们正在经历一个IT到DT的变革时代。大数据已经渗透到各个环节，各个角落。
这个世界，就是掩藏在表象之下，被数据所揭示的世界！
数美依托积累的海量数据、科技前沿技术， 极致的工匠精神和对数据的深度理解，提供领先的大数据产品与服务。 
我们正在寻找不平凡的你，和我们一起“发现数据之美”
欢迎投递简历

【关于数美】www.ishumei.com
      数美由百度、小米、360等顶尖互联网公司联合投资的大数据公司，致力于利用人工智能技术和海量数据解决金融、互联网等领域广泛存在的欺诈问题，先后推出了信贷反欺诈、内容反欺诈、行为反欺诈等系列产品，      
     目前已服务数百家客户，覆盖直播、金融、支付、社交、电商、游戏、O2O等行业。其中包括中信银行、360、小米、58同城、爱奇艺、酷狗、用钱宝、点融、挖财、闪银、熊猫TV、花椒、唱吧等知名企业，并与腾讯云、金山云、七牛云等云服务提供商展开深度合作。
    数美的创始人唐会军在搜索、安全、语音识别等大数据领域拥有十余年研发经验，曾历任百度系统技术负责人、360高级技术总监等职位。创始团队均来自百度、360、小米、宜信、FICO等知名互联网公司，数美核心团队是国内最早一批从事大数据平台与应用研发的团队，曾负责过的大数据平台规模居全球前十。国际顶尖反欺诈技术，拥有十余项专利，同时在安全，反作弊、推荐，广告，语音识别等领域有着丰富的大数据成功应用经验。
           www.ishumei.com

"
高级视觉设计师,15k-30k,一起作业网,"15k-30k,经验3-5年,本科","移动互联网,教育 / D轮及以上","
职位描述：

岗位职责：
 1.根据策划要求来制作教学产品趣味化学习界面和图标的绘制；；
 2.独立完成视觉概念设计提案及视觉设计；
 3.分析行业设计动态，准确把握产品设计风格并升级迭代，提高设计质量；
 4.按照项目进度按时按质完成工作；

岗位要求：
 1.有成功的移动端产品设计案例；
 2.有良好的造型能力和色彩感；
 3.三年以上UI设计工作经验，有扎实的美术功底与审美水平,良好的手绘功底。
 4.良好的沟通能力，抗压能力，富有工作激情、创造力和高度责任感。

"
计算机视觉软件开发工程师,15k-30k,地平线机器人,"15k-30k,经验不限,本科","移动互联网,硬件 / C轮","
职位描述：

岗位职责
1、    负责基于深度学习的视觉算法SDK、智能云平台和服务器等算法产品的开发、优化和维护
2、    配合算法研发人员，开发和实现新算法，负责研究代码的工程化、封装、优化、测试等工作。
3、    基于产品需求和行业用户场景，进行技术方案设计和整合，参与系统搭建、调优和技术对接等工作
4、    参与算法相关自动化测试、数据处理等工具的开发和维护
职位要求
1、    本科或以上学历，计算机软件或相关专业
2、    熟练掌握C/C++，算法基础扎实，掌握常见设计模式，具有良好代码风格和质量意识
3、    熟悉Linux开发环境
4、    掌握图像/视频的基本处理方法
5、    有计算机视觉、深度学习、图形图像处理相关研发经验者优先
6、    了解GPU并行计算，熟悉CUDA或OpenCL编程者优先
7、    责任心强，有良好的沟通和团队意识

"
机器学习高级算法工程师,25k-45k,顺丰科技有限公司,"25k-45k,经验3-5年,本科","移动互联网,电子商务 / 不需要融资","
职位描述：

工作职责：
1. 负责顺丰同城智能物流调度算法的策略开发，数据挖掘与建模，主要面向同城即时物流调度场景；
2. 研究机器学习与数学建模的相关技术，并用于实际问题的改善和优化，以技术驱动用户体验提升与公司业务成长，体现技术价值。
 
职位要求：
1. 熟悉linux编程环境，熟练掌握C++与python开发；
2. 有机器学习、数据挖掘等相关领域的理论背景和相关工作经验；
3. 良好的逻辑思维能力，对数据敏感，能够发现关键数据、抓住核心问题。
4. 本科及以上学历，计算机相关专业背景
5. 良好的编程能力和代码风格；
6. 有即时物流调度系统开发经验者优先

"
UI设计师/视觉设计师,8k-15k,有路网,"8k-15k,经验3-5年,大专",移动互联网 / A轮,"
职位描述：

岗位职责：
1、负责公司多个APP及WEB产品UI设计，参与交互设计工作；
2、负责产品上线后相关宣传设计；
3、负责品牌推广、活动运营等视觉相关的平面设计工作；
4、优秀者可选拔为设计主管，管理设计组


工作要求：
1、大专及以上学历，美术、设计、艺术学等相关专业；
2、具备优秀的视觉表现能力，独立创作能力，思维敏锐； 3、具备良好的沟通能力和抗压能力，工作富有激情、创造力和责任感； 4、发送简历时请附带设计做的作品或作品链接。

"
自动控制工程师-智能机器人方向,18k-30k,京东金融,"18k-30k,经验3-5年,硕士",金融 / 上市公司,"
职位描述：

工作职责：
1、 设计机器人的控制/电动系统设计开发；
2、 研究并开发机器人自主定位算法；
3、 基于传感器和电子地图信息融合的全局可行驶路径的规划；
4、 将机械臂、SLAM、传感器数据以及视频分析进行无缝集成；
5、 与机械软件人员一起完成产品总装、调试，及时解决并处理调试中出现的问题。
任职要求：
1、熟悉自动控制原理及机器人运动学基础，熟练掌握C/C++, Python, Shell编程；
2、熟悉有刷/无刷电机, 控制系统及减速器系统, 能够根据机器人产品的硬件设计及产品功能设计合理选择电驱元器件；
3、精通ROS及ROS与单片机的通信，熟悉SLAM算法及机器人空间建模；
4、熟悉车辆控制PID算法，熟悉Kalman滤波和数据融合算法；
5、了解多轴/多自由度机械臂系统的设计思路和基本工作原理，对于机械臂工作原理以及各个生产厂家SDK开发包有一定了解；
6、了解常见的机器人传感器及其电气特性和工作原理.；
7、了解常见通信总线及协议的工作原理如CAN总线、RS485、 RS232、 I2C等；
8、了解仿真系统的使用, 例如动力学仿真, 运动学仿真. 熟悉接触力, 摩擦力分析；
9、对倒立摆模型, 对双足, 四足机器人姿态控制/平衡控制有所了解优先。

"
机器学习研究员,15k-30k,图灵机器人,"15k-30k,经验1-3年,硕士",移动互联网 / B轮,"
职位描述：

【职责描述】
1、学习和分享（20%精力），探索多模态人机交互系统的解决方案（融合图像识别等多模态输入和表情动作等多模态输出的）
2、算法研发和优化（80%精力），辅助研发运用循环神经网络的文本问答系统
 
 
【职位要求】
1、数学、物理或计算机相关专业毕业，良好的数学基础
2、经过有机器学习相关课程背景，经过系统的机器学习或数据挖掘训练
3、熟悉python语言，至少熟悉一种深度学习训练工具（Theano/TensorFlow/pyTorch/Keras/mxnet/CNTK）
4、对word2vec，CNN，LSTM, GRU等方法的原理有深入了解，和网络设计，有针对NLP领域的CNN或RNN的调参和设计经历
5、熟悉dropout, batch normalization， rmsprop等训练技巧
6、优秀的英文阅读能力，熟悉NLP领域前沿论文，能够快速编程实现
7、对解决具有挑战性问题充满激情

【几个重要问题】
1、公司会多重视这个职位？公司下一代多模态
2、哪类人特别适合？应届生或毕业1年左右，非常想进入互联网、人工智能或机器人等前沿方向的创业公司，并且有非常强的“学习成长欲”；聪明灵活、热情大方，但又注重细节&有耐性，做事让人放心。
3、哪类人特别不适合？只想做一份稳定/按部就班的行政工作、做事需要别人推动/自己从不主动去想更好的办法、接人待物缺乏热情、过于在意“面子”而不是“我能学到什么”
4、需要应聘者做什么准备？做个有心人，不要没有任何准备就来面试了。
 
【Leader说】

我是图灵机器人的创始人&CEO俞志晨，下面介绍下我们公司的“人才观”~
1、  人才是本，产品是末。借用@纯银 的一句话，“选对人是一件比设好KPI更重要一百倍的事情。一百倍啊一百倍。”
2、  “兴趣+主动+聪明”，比“当前的能力”要重要10倍。这样的人，在我们团队的成长会非常快，因为你可以直接来争取“想做的事情/职位”，公司一定竭尽所能的给你锻炼机会，只要你能对你自己负责，把事情真正做到位。但如果是“推一下、动一下”的人，我们一定不会要。
3、  不让人才受委屈。只要你真的能把事情做好，薪酬待遇、福利制度、团队氛围，甚至各种“个人关怀”，都会在公司力所能及的范围内提供给小伙伴——让你满意，让你的家人满意。我们团队，真的会让你感觉“暖暖的”。
 
就像行业大牛@李明顺的观点（引自@梁宁 的文章）：水大了就会有龙。人工智能机器人是波澜壮阔的万丈深渊，无数鱼会化成龙。我们相信自己最终会是化成龙的团队之一，在此恭候有识之士的加入；你，愿意吗？

"
品牌视觉指导,10k-20k,铜板街,"10k-20k,经验3-5年,本科",移动互联网 / B轮,"
职位描述：

工作职责：1.    根据公司CIS (企业形象识别系统)，保持公司内外呈现的品牌形象的监测和管理，负责内、外部视觉设计部门的沟通，从输出层面保证，包括品牌LOGO、品牌色、品牌延展图形、调性、审美等在所有对外物料中的正确使用，负责集团品牌视觉认知建立；2.   负责市场部日常对外单图物料的设计及审核，包括SNS文章配图、PR活动设计（包括易拉宝、集团单页）等。任职资格：1、本科或以上学历，不少于3年以上相关工作经验，甲乙方工作经验均可；2、具有CIS制定或管理经验，能深刻理解CIS的重要性及执行落地的基本要素，有一定的沟通、管理办法；3、良好的视觉语言沟通能力，能与设计方进行准确需求沟通并提供解决方案建议；4、良好的审美能力，优秀设计动手能力，能独立承担平面设计工作；5、强领悟力，执行能力，沟通协调能力、抗压能力。

"
机器学习工程师,25k-50k,茄子快传,"25k-50k,经验3-5年,本科",移动互联网 / B轮,"
职位描述：

工作职责：
1.分析挖掘产品数据，帮助产品设计、运营及优化
2.通过模型等挖掘数据潜在价值，支持广告及推荐系统
任职要求：
1.统招计算机或软件相关专业，本科及以上学历
2.精通数据挖掘、机器学习等相关模型及算法，熟悉数据挖掘方法
3.熟练使用java/R/python等
4.能使用hadoop、hive、spark等工具
5.具有数据挖掘、机器学习、推荐系统、广告系统等相关经验
6.具有移动app等相关的数据挖掘、数据分析以及机器学习相关经验尤佳
7.具有一线互联网公司数据挖掘相关经验尤佳
公司简介：
茄子快传是一家专注从事移动互联网软件研发的科技公司，2011年从联想内部孵化，2015年单独拆分转型出海，产品面向全球互联网市场，业务遍及全球 200 多个国家和地区。
茄子快传在全球市场拥有超14亿用户，市场遍及北美、南美、东南亚、中东、欧洲等多个地区，长期稳居90多个国Google Play及App Store应用榜单榜首，长期稳居Google Play首页推荐。
茄子快传已成为全球发展最快的移动互联网公司之一，目前C轮融资即将完成，融资完成后将成为独角兽。
2017年9月，茄子快传CEO仇俊和滴滴CEO程维、美团CEO王兴、猎豹CEO傅盛等共同入选《财富》杂志“2017中国40位40岁以下商界精英”榜单。
福利优势：
弹性上班不打卡，每天上下午都有茶点，餐补+交通补，13薪+N个月年终奖，五险一金+补充商业保险，每年15天带薪年假+带薪病假，表现好的可能会有期权激励，每年都有涨薪机会，另外Boss可能会有不定期直接现金奖励等等。

"
机器学习,20k-40k,APUS Group,"20k-40k,经验1-3年,本科",移动互联网 / B轮,"
职位描述：


岗位描述:
1. 大数据用户画像的构建以及基于场景化的个性化推荐算法的实现。
2. 应用机器学习等尖端技术，针对海量信息建模，挖掘潜在用户价值和商业价值。
3. 负责个性化推荐核心技术，负责广告CTR预估技术创新与优化。
4. 提高推荐预测相关度、用户体验、广告投放效果及变现能力
职责要求:
1. 本科以上学历，扎实的统计学、机器学习理论基础。
2. 熟悉聚类、分类、回归、图模型等机器学习算法，对常见的核心算法理解透彻，有实际建模经验；
3. 具备大规模机器学习系统的研发经验 4. 具备推荐、广告投放、反作弊相关技术的知识和经验

"
机器学习总监,40k-80k,创新工场AI工程院,"40k-80k,经验5-10年,本科",移动互联网 / 未融资,"
职位描述：

职位描述：
1）负责AI工程院机器学习平台产品研发；
2）制定产品研发计划以及项目管理；
3）组建和带领技术团队完成研发目标。
任职要求：
1）大数据和机器学习领域三年以上研发管理经验；
2）熟悉机器学习底层算法和应用框架；
3）善于组织管理，具有很强的执行力；
4）具备较强的解决问题能力和良好的沟通能力。

"
机器学习工程师,20K-30K,海致,"20K-30K,经验3-5年,本科","移动互联网,企业服务 / C轮","
职位描述：

1.3年以上以python/php/java 为主的互联网产品软件的开发工作经验。
2.熟悉大规模数据挖掘、机器学习、等相关技术，并具备实际工作经验。
3.具备较强数据分析能力，能够针对业务提炼指标评估策略价值及发现关键问题。
4.能够承担工作压力，具备创新&开拓思维、具备团队协作精神
5.有较强的自我驱动力，良好的表达和沟通能力
6.计算机相关专业本科及以上学历


期待对大数据分析感兴趣、热衷于智能化应用与实践的同学加入，共同打造“酷炫”的大数据智能分析产品！

"
机器学习/推荐算法-数据平台,25k-40k,小米,"25k-40k,经验3-5年,硕士",移动互联网 / D轮及以上,"
职位描述：

【职位吸引】
1.技术氛围很好，业务靠谱；
2.小米期权机会！

【工作职责】:
1.参与电商, 小说, 个性化Push等内容产品的个性化推荐工作；
2.负责推荐离线召回算法优化；
3.负责个性化推荐实时打分和排名算法优化；
4.负责CTR预估, LR等算法研发工作；
5.负责模型特征工程的优化和试验；
6.推荐内容理解和特征提取工作；
7.推荐用户理解和用户标签数据提取工作。
【任职要求】:
1.本科或以上,计算机或相关专业毕业；
2. 三年以上搜索、推荐或广告系统相关算法工作经验；
3. 熟悉算法和数据结构，熟悉计算机的基础理论；
4. 熟悉聚类、分类、回归、图模型等机器学习算法及原理, 有实际使用经验；
5. 熟悉自然语言处理，文本挖掘的算法原理，有实际建模经验或并行化经验；
6. 熟悉MPI、MapReduce、Spark等并行计算框架；
7. 工作细致、责任心强，具备较强的学习能力及理解能力，有良好的沟通能力和团队协作能力。

"
视觉/图像处理研究员,30k-50k,美团点评,"30k-50k,经验5-10年,硕士","移动互联网,O2O / D轮及以上","
职位描述：

工作职责:
-负责计算机视觉、模式识别、图像处理前沿算法的研发和实现 
-负责算法在移动平台和其他嵌入式设备上的实现、优化、移植与维护  
 
能力要求:
-熟悉图像视觉领域的主流算法和前沿技术进展，对人脸识别、物体检测/追踪、3D视觉分析、AR/VR、vSLAM技术在内的一个或多个领域理解较深
-有良好的机器学习和模式识别算法基础
-对于常用的算法库比较熟悉，有较强的嵌入式算法优化开发经验
-英语熟练、能够独立阅读学术论文并能够进行实现
-具备很好的分析和解决问题的能力
-热爱创新并以产品为导向

"
高级视觉设计师,15k-30k,顺丰科技有限公司,"15k-30k,经验3-5年,本科","移动互联网,电子商务 / 不需要融资","
职位描述：

岗位职责：
1、主要负责顺丰同城相关B端产品的界面设计，通过先进产品设计理念以及合理的设计来提升产品体验；
2、参与产品前期规划构思、产品概念传达和创意过程；

岗位要求:
1、统招本科及以上学历，3年及以上相关互联网产品GUI设计工作经验，能独立负责产品UI设计；
2、具备扎实的用户界面和用户体验设计功底，善于梳理UI设计流程和规范，并与他人分享；
3、有较强的沟通能力和执行能力，富有责任心，能承受一定的工作压力；
4、思维活跃，积极乐观，自驱力强，具备良好的团队意识；

"
计算机视觉软件开发工程师,15k-30k,地平线机器人,"15k-30k,经验不限,本科","移动互联网,硬件 / C轮","
职位描述：

岗位职责
1、    负责基于深度学习的视觉算法SDK、智能云平台和服务器等算法产品的开发、优化和维护
2、    配合算法研发人员，开发和实现新算法，负责研究代码的工程化、封装、优化、测试等工作。
3、    基于产品需求和行业用户场景，进行技术方案设计和整合，参与系统搭建、调优和技术对接等工作
4、    参与算法相关自动化测试、数据处理等工具的开发和维护
职位要求
1、    本科或以上学历，计算机软件或相关专业
2、    熟练掌握C/C++，算法基础扎实，掌握常见设计模式，具有良好代码风格和质量意识
3、    熟悉Linux开发环境
4、    掌握图像/视频的基本处理方法
5、    有计算机视觉、深度学习、图形图像处理相关研发经验者优先
6、    了解GPU并行计算，熟悉CUDA或OpenCL编程者优先
7、    责任心强，有良好的沟通和团队意识

"
工业设计工程师-智能机器人方向,20k-40k,京东金融,"20k-40k,经验5-10年,本科",金融 / 上市公司,"
职位描述：

工作职责：
1、  负责电子产品的架构设计与堆叠，结构设计，传动设计，仿真生产验证，量产维护等结构；
2、  负责项目产品外观设计，包括机器人、相关电子产品等；
3、  负责产品外观工艺的可行性及生产风险评估，同时解决生产环节的工艺问题；
4、  负责产品堆叠及配合Layout工程师完成产品布局设计；
5、  负责实际项目中试模跟进，制定结构件产品规格，测试规范，功能规格，品质规范，结构件交付计划，定督促厂商完成交付；
6、  负责包装等其他配件中的结构相关风险评估，设计审核，生产验证及量产确认。
任职要求：
1、熟练运用AOUTCAD,PRO/E等结构设计软件；
2、至少熟练掌握Catia，Rhino，Pro-E等一种三维软件，可独立进行复杂的曲面建模和结构设计；
3、熟悉3D打印技术，可独立使用和调试3D打印机；
4、熟悉塑胶模具，钣金模具，硅胶等常用材质的加工工艺要点；
5、熟悉常用外观处理工艺制程及技术特点，并对部分工艺有深入了解。(比如喷涂、电铸、电镀、NCVM、IML、免喷涂材料)；
6、熟悉产品开发设计流程，能掌握产品工程机构可行性、了解产品色彩搭配之合理性及产品表面加工工艺；
7、具有良好的分析判断能力与执行力，需要创新和风险控制能力。

"
机器学习/数据挖掘工程师（北京）,20k-35k,百度,"20k-35k,经验1-3年,本科","移动互联网,数据服务 / 不需要融资","
职位描述：

【工作职责】
-负责百度凤巢的算法改进  
-负责在线广告投放系统的核心技术创新与优化  
-提高在线广告的相关度、用户体验、投放效果及变现能力
-应用机器学习等尖端技术，针对海量信息建模，挖掘潜在商业价值 
-基于大规模用户行为，以效果为目标，建立并优化推荐系统的基础算法和策略 
【任职资格】
-计算机或相关专业硕士以上学历 
-良好的逻辑思维能力，和数据敏感度，能能够从海量数据中发现有价值的规律 -优秀的分析和解决问题的能力，对挑战性问题充满激情 
 -良好的团队合作精神，较强的沟通能力  
-良好的技术领导能力，有能力开辟一个技术方向，带动和引导一个技术方向的规划、研发 
-熟悉C/C++语言编程，对数据结构和算法设计有较为深刻的理解 
【具备以下能力之一】
-熟悉大规模数据挖掘、机器学习、分布式计算等相关技术，并具备多年的实际工作经验  
-具备大规模推荐系统的研发经验(推荐算法设计和实现/推荐系统评估方法研究)  
-具备自然语言处理、信息过滤、主题提取、分类聚类、个性化用户建模、文本挖掘等相关领域知识  
-具备机器学习理论、算法的研究和实践经验 
-具备分布式相关项目研发经验（如分布式存储/分布式计算/高性能并行计算/分布式cache等） 
-具备搜索引擎、广告投放、反作弊相关技术的知识和经验

"
视觉研发工程师,17k-30k,猎户星空,"17k-30k,经验1-3年,本科","移动互联网,硬件 / A轮","
职位描述：

岗位职责：
1. 开发并维护深度学习前向框架；
2. 封装移动端（Android、iOS、嵌入式） SDK；
任职要求：
1. 必须熟悉C++；
2. 必须计算机相关专业；
3. 应届毕业生或已经毕业均可。

团队简介：猎户星空视觉算法团队，目前十几人，皆为背景过硬的高学历员工，凭借核心团队此前多年的技术积累，在今年7月份的人脸识别年度“世界杯”——微软百万名人识别竞赛中，夺得头魁。视觉算法团队在行业中非常突出，另外GPU优化等其他相关团队也在招人，谢谢。

"
机器学习算法,15k-25k,创新工场AI工程院,"15k-25k,经验不限,本科",移动互联网 / 未融资,"
职位描述：

职位描述：
1.机器学习/数据挖掘等AI相关的算法研发；
2.算法相关的代码库、工具库的封装和发布；
3.AI相关算法的性能优化、工程环境部署；
4.参与搭建和实现分布式深度学习集群。
 任职要求：
1.本科及以上学历，计算机/信息科学/软件/电子工程/应用数学等相关专业优先；
2.熟练掌握机器学习相关的理论知识和实践技能；
3.熟悉CNN、RNN、LSTM等典型深度学习模型的使用场景和使用方法；
4.熟悉TensorFlow、Caffe、MXNet等主流深度学习框架中的一种或多种；
5.拥有扎实的数学和编程功力。 

"
机器维护工程师,6k-9k,BitBays,"6k-9k,经验不限,不限","移动互联网,金融 / 不需要融资","
职位描述：

岗位职责：
1.负责服务器及网络设备，散热设备日常运营管理（配置、部署、应对断电、断网、局部温度过热等突发事件处理),确保服务器运行稳定；
2.负责服务器常见故障处理； 
3.协助进行现场资产的统计与登记，确保机房资产安全；
4.按时提供日常各类报告，包括运维日报、资产日报等；
5.分析机房运行中需求和问题，推动并提升机房的运维效率；
6.负责运维团队的技术总结，并结合具体事例编制运维知识库；
任职要求：
1.计算机相关专业或者电子工程类中专及以上学历（应届生优先）；
2.具有良好的沟通协调能力及良好的内外团队协作能力。
3.具备良好的学习能力，思维清晰，逻辑分析能力强，具有高度的责任心；
4.本岗位具有一定的专业性要求，符合入职条件者，公司将给予专业性培训，指导上岗；
5.需要常驻内蒙，培训合格后可以选择四川/新疆的运维场地；

"
机器学习工程师,30k-50k,Airdoc,"30k-50k,经验3-5年,硕士","医疗健康,移动互联网 / A轮","
职位描述：

熟悉基本机器学习方法（降维，分类，回归等）；熟悉深度学习基本原理；熟悉tensorflow，mxnet，scikit-learn等至少一个机器学习／深度学习框架；有良好编程基础，熟练掌握python，c/c++语言；有良好抗压能力和责任心；有top会议／期刊paper，或重大比赛名次优先;
工作地址：广州市

"
视觉设计师,8k-12k,样本通,"8k-12k,经验1年以下,本科","移动互联网,企业服务 / A轮","
职位描述：

职位诱惑：曾任人大艺术学院本科生代课教师作为你的职业导师，节奏快成长快，为世界500强客户提供设计服务。
职位描述：为客户提供基于视觉层面的个性化样本通界面和内容设计。岗位职责：1. 客户至上，根据客户需求完成定制型项目的个性化设计；2. 配合市场部完成展会活动物料设计；3. 协助产品团队不断完善打磨产品。任职要求：1. 全日制高等院校美术设计相关专业本科及以上学历；2. 熟练操作Ps, Ai等设计软件；3. 手绘功底扎实，审美素养好， 能独立完成设计；4. 自我驱动力强，责任心强，能适应高强度工作；5. 成为一名样本通行家。加分项：1. 有4A及知名广告公司从业经历优先；2. 有企业级软件设计经验优先；3. 熟练使用AE等动画软件，掌握motion graphic design基本常识优先；4. 熟练使用C4D等3D建模软件优先。

"
计算机视觉算法工程师,25k-50k,360,"25k-50k,经验1-3年,本科","移动互联网,游戏 / 上市公司","
职位描述：

职位描述：
1、负责互联网视频中的结构化分析，包括但不限于场景识别，视频分类，名人识别，OCR等问题；

2、负责视频监控场景下的行为分析，包括但不限于人脸识别，异常检测，姿态识别等。
任职要求：
1、计算机科学或计算机工程相关专业本科／硕士／博士学位；

2、算法与编程能力强，ACMICPC, NOI/IOI，Top coder，kaggle比赛获奖者优先； 

3、在以下问题上有研究和应用: 

a）图像视频检索 

b）图像视频分类 

c）物体检测、分割与追踪 

d）场景理解 

e）文字检测和识别 

f）人脸检测识别与定位 

4、良好的团队合作和沟通能力。

"
视觉设计师（北京）,15k-25k,腾讯,"15k-25k,经验3-5年,本科","移动互联网 ,游戏 / 上市公司","
职位描述：

岗位职责：
负责区域门户、政务等相关产品的视觉设计；负责WEB\无线相关的界面设计参与各团队设计讨论，协助研发、测试和产品团队，对现有产品进行易用性改善，新功能挖掘分享设计经验、推动提高团队的设计能力

岗位要求：
专科以上学历，美术、设计或相关专业；3年以上工作经验；有扎实美术功底、设计理论知识，对流行趋势拥有敏锐的洞察力，对各种设计趋势有灵敏触觉和领悟能力；熟练使用photoshop，sketch,掌握illustrator等矢量图形软件，熟悉AE,有手绘能力优先；有高度的责任心，具备良好合作态度、沟通能力及团队精神，并富有工作激情、创造力和责任感，能承受高强度的工作压力；

"
机器人控制算法工程师,15k-30k,赛格威机器人,"15k-30k,经验不限,本科",硬件 / C轮,"
职位描述：

岗位职责：
1、负责Segway Robot运动控制系统的研发和调试；2、协助感知、决策等模块的系统集成和调试；
任职要求：
1、自动化、汽车工程、航空航天或相关专业硕士及以上学历；2、 熟悉PID、MPC以及智能控制等控制算法；3、熟练掌握动态系统建模及参数辨识方法；4、 熟练掌握C/C++、Matlab和Simulink，具有较强的工程实践能力；5、具有实际控制系统设计经验，有机器人或无人车相关项目经验优先。

"
推荐算法/机器学习/数据挖掘/高级工程师,25k-50k,网易,"25k-50k,经验3-5年,本科","电子商务,移动互联网 / 上市公司","
职位描述：

岗位职责：1. 负责网易门户推荐系统、智能匹配等业务的建设2. 负责海量内容和用户数据的分析和挖掘、建模，快速迭代算法，提升算法效果3. 参与搭建和实现大规模机器学习排序模型，自然语言处理模型等4. 参与建立公司级的用户画像体系，为数据分析、算法推荐提供支持职位要求：1. 两年以上相关领域工作经验2. 扎实的操作系统，数据结构及算法基础3. 熟悉C++、java等主流开发语言，熟悉shell or python等脚本语言4. 掌握常用机器学习、自然语言、最优化算法。具备扎实的概率统计基础，有较深理论功底和相关实践经验者优先。5. 具备良好的分析和解决问题的能力，具备一定的钻研精神和持续学习的意愿，强烈的责任感和团队感，对负有挑战性的工作充满热情

"
视觉总监,30k-40k,中赫时尚,"30k-40k,经验3-5年,本科","教育,生活服务 / A轮","
职位描述：

岗位职位：
1、根据公司发展目标及战略，对品牌制定具差异化的VI创意及设计标准。负责公司形象设计工作的全面掌控，包括组织、参与、指导形象设计方案的制定。
2、全面负责公司的视觉形象，创意、排版、平面设计的评判和指导工作，配合公司的市场推广进行包装、海报、单页、画册、喷绘、户外广告等项目的平面形式设计，提升品牌形象，以配合公司整体的营销策略达到预期市场效果。
3、带领并指导设计人员的创意构思及执行，确定创意设计方向和艺术表现等方面的基调和表现形式，并与公司推广组、编辑组紧密配合，提供确实可靠有创意的方案，以提升公司的营销与传播效果。
4、负责公司视觉形象，企划执行情况的监督工作和对结果负责
5、健全部门内视觉形象、企划工作的各项业务流程，作业标准，并做好业务分工与日常监督落实。
6、完成公司所有识别系统的整合与策划设计，公司大型活动的形象策划设计。
7、挖掘、激发设计人员的创作热情，指导员工排版及创作方法， 负责对创意设计成员的专业培训和指导。
任职要求：
1、制定具差异化的VI创意及设计标准，熟悉时尚行业，有很强的媒体资源。
2、负责企划执行的监督工作，活动策划回报率达到70%以上，具备大型活动策划经验3年以上。
3、本科及以上学历，平面设计/视觉设计/广告设计等相关专业，具备一定的摄影技术和后期制作能力，熟悉教育培训行业，有在北京新东方总部、奥美广告、时尚集团等企业3年以上工作经验的优先考虑。
4、至少5年以上视觉设计工作经验，3年以上视觉总监工作经历，具备超强的审美能力，4A公司有相关工作经历。
5、沟通能力优秀，具备团队配合能力，有亲和力、领导力
6、熟练使用Photoshop/Dreamweaver/Illustrator/CAD/Sketch up等设计软件，对部门下属可以进行辅导。
7、有敬业精神，集体荣誉感，服务意识强。

"
视觉设计师,20k-30k,美团点评,"20k-30k,经验3-5年,不限","移动互联网,O2O / D轮及以上","
职位描述：

岗位职责：
1. 负责美团酒店旅游出行产品的界面设计，并为新功能、公司新产品提供创意及设计方案；
2. 参与产品讨论，与产品经理、工程师协作，从视觉设计和用户体验的角度提出建议与解决方案；
3. 配合工程师共同创建用户界面，跟踪产品效果，保证最终设计质量；
4. 建立产品的界面设计规范；
5. 持续关注设计趋势，分享设计经验、推动提高团队的设计能力。
 
岗位要求：
1、3年以上用户体验设计相关工作经验；
2、具有出色的设计表达能力，能迅速有效的将想法表现为设计方案；
3、具有独立思考与创作能力、优秀的内外部沟通能力；
4、关注互联网、软件与各类电子产品，对互联网领域的UI设计、交互设计和设计研究方面的理论及实践拥有深刻见解；
5、多项目、多任务管理能力，能带队创作并跨团队合作。；
6、有对于交互设计的理解与分析能力；
7、热爱生活。

"
计算机视觉算法工程师,15k-30k,地平线机器人,"15k-30k,经验不限,本科","移动互联网,硬件 / C轮","
职位描述：

工作职责:1. 负责计算机视觉、深度学习相关的技术系统与产品的研发工作；2. 负责计算机视觉、深度学习相关方向的技术难点攻关与前瞻研究；3. 负责算法计算性能优化，并推动其上线应用。任职资格:1. 创造性思维，富有想象力，有推进人工智能的理想和使命感；2. 在深度学习、统计机器学习、计算机视觉、最优化方法等方面有较深入的研究；3. 熟悉物体（人体、人脸、通用目标）检测、跟踪与识别的基本算法；4. 较强的逻辑思维能力以及算法实现能力；5. 具有良好的沟通能力和团队合作精神。

"
MIG16-自动驾驶机器人-导航算法(北京),18k-36k,腾讯,"18k-36k,经验1-3年,硕士","移动互联网 ,游戏 / 上市公司","
职位描述：


工作职责：
负责机器人导航算法开发；
负责机器人运动规划算法开发；
负责机器人决策算法开发。
   


工作要求：
应用数学、理论物理、运筹学等相关专业硕士以上学历,三年以上相关工作经验;
熟练掌握dijkstra, astar算法,熟悉OMLP库;
在以下一个或多个方面具有丰富经验和专长:AI搜索算法、曲线特点及拟合、状态机设计、基于learning的决策控制、场景理解与行为预测;
熟悉深度学习行为建模,有增强学习经验者优先;
有良好的沟通能力和团队合作能力,善于沟通,工作自主驱动,具备良好的问题定位分析能力。
   


"
机器学习工程师,20k-35k,理财范,"20k-35k,经验不限,本科",金融 / C轮,"
职位描述：

岗位职责：
利用数据挖掘、机器学习相关算法，解决核心业务需求(金融数据和用户数据)
负责公司用户行为数据、金融产品交易数据、资产配置数据的存储、分析、处理
和团队成员一起完成大数据智能分析工作的流程、规范和方法建立；


职位要求：
有丰富的数据挖掘/机器学习等相关工作经验或者研究经历;
在机器学习模型和算法方向有应用经验，了解自然语言处理/推荐算法等优先
对多种数据架构模型有深入理解，了解模型的优缺点；
熟悉常见的开源分布式计算/存储相关技术，包括但不限于YARN，MapReduce，Impala，Spark，Storm,Kafaka，Flume, Hive, MapReduce, HDFS, HBase, Presto, Ganglia, ZooKeeper, HCatalog者优先；
参与过金融产品或用户行为产品数据挖掘、机器学习方面工作或研究优先


网融天下投资策略研究院：
投资策略研究院将致力于全球经济及市场环境变化的研究 作,结合平台用户实际情况输出适当的内容教育以及投资策略。研究院通过与外部卓越的资讯机构与数据机构合作,获取宏观数据信息,并结合行业研究报告、投资策略组合模型以及用户风险配置情况产生不同的投资策略组合。我们希望通过研究分析,充分发掘影响用户投资回报的各类风险银子,并帮助用户根据其行为偏好和投资能力适当配置风险,平衡收益。
投资策略研究院的不同部门将分别提供底层数据及信息研究分析报告、 模型建设、大数据存储分析、数据可视化、智能投顾、机器学习等方向。技术团队有github stars数过6000的开发者。

"
机器人教师,6k-8k,瓦力工厂,"6k-8k,经验不限,大专",教育 / A轮,"
职位描述：

岗位职责：
1、接受公司的专业化指导和培训并进行掌握吸收，负责相关课程的研发和教学总结工作；
2、根据公司的统一安排为学生讲授机器人相关课程；
3、向学生及家长传授公司的理念，并对其疑问进行解答，做好课后管理工作；
4、掌握学生日常学习生活情况，培养幼儿良好的学习习惯和兴趣，了解孩子的心理变化，促进幼儿身心健康。 
 
 
任职要求：
1、大专以上学历，学前教育、设计、机械、电子类专业，动手能力强；
2、35岁以下，有机器人教学或学前教育工作经验者优先；
3、普通话标准，具有良好语言表达能力，擅长沟通和表达，良好的逻辑思维能力 ；
4、具有亲和力，工作积极主动； 性格开朗、具有积极乐观的心态、
5、有团队协作精神和敬业精神。

"
机器人软件系统调试工程师,10k-15k,国机智能技术研究院,"10k-15k,经验1-3年,本科","信息安全,其他 / 不需要融资","
职位描述：

岗位职责：
1、负责机器人系统研发需求调研、设计与管理
2、负责机器人现场应用项目的机器人编程与维护
3、负责机械、电气、软件系统的缺陷的统合处理4、配合机器人控制软件研发人员进行软件调试
任职要求：
1、全日制本科院校，机械、电气或自动化类工科专业毕业2、有电控系统设计或机器人使用经验
3、具有良好的C、C++编程基础4、有市场主流视觉应用集成经验，尤其是机器人与视觉配合应用经验优先

"
机器学习工程师,20k-35k,玖富集团,"20k-35k,经验1-3年,本科",金融 / C轮,"
职位描述：

岗位描述： 
1.通过分析/挖掘结构化、文本等非结构化数据，借助数据挖掘算法探索数据在信贷业务中应用； 
2.基于历史风险和专家经验，通过有监督和无监督的方法结合，建立针对欺诈、信用风险的预测模型，并且持续优化； 
3.掌握基本常规的算法，有能力或者能快速在专家指导下开展客户的贷前、贷中、贷后的模型开发
岗位要求：
1.计算机、数学、统计、金融等相关专业的硕士或以上学历； 
2.一年以上数据挖掘或者机器学习相关工作经验； 
3.熟悉，理解随机森林，逻辑回归，SVM等分类和回归算法。

"
机器学习工程师,20k-30k,什么值得买,"20k-30k,经验不限,不限","电子商务,文化娱乐 / A轮","
职位描述：


岗位职责
1. 与业务和数据产品沟通，进行数据探索、选择、清洗并实现机器学习算法、构建模型；
2. 将算法和模型固化部署，并对模型进行优化
3. 通过数据探索和模型的输出等发现业务问题，进行深入分析，规划机器学习模型和解决方案
4. 将结果整合汇报，生动地展示数据科学，能够被非技术人员理解
 
任职资格
1. 有好奇心，能够进行系统性的工作，并在期间进行良好的沟通
2. 能够快速、持续学习新知，有计划也能务实变通地进行团队合作
3. 研究、评估不仅限于搜索引擎上查找资料，关注细节，高效总结汇报
4. 具有开放的思维，富于创造力，专注于解决方案
5. 计算机、统计或数学等相关专业，具有扎实的统计和机器学习知识；
6. 1年及以上机器学习和数据分析经验，能独立构建模型，完成模型优化部署等工作
hlx}[%,

"
深度学习/机器学习研究员,15k-30k,东芝(中国)有限公司,"15k-30k,经验1-3年,硕士","移动互联网,企业服务 / 上市公司","
职位描述：

职位描述：
工作职责:
1.研究与优化口语对话系统性能
2.对话系统相关算法的研发
3.端到端对话系统核心引擎涉及及研发
4.文本分类、句法分析、语义分析等自然语言处理相关算法的研发
5.文本分析、语义理解知识库构建等
职位要求:
1.  计算机科学与技术专业毕业，硕士或博士生
2.  较强的C/C++ 编程和算法基础，有perl、python、shell 等脚本处理经验者更佳，熟悉linux 开发环境
3.   对深度学习有深入理解和应用经验
4.  有问答系统或NLP 相关技术背景或开发经验优先
5.  有除英语外的其他外语背景或相关开发经验优先
6.  具有较强的沟通交流能力，逻辑能力，能很好的理解项目需求
7.  有较强的分析问题和解决问题的能力，工作有激情，能承受压力
8.  具有较好的团队合作精神、沟通能力和较强的责任感
9. 英语良好

"
机器学习、数据挖掘算法工程师,15k-30k,猫眼电影,"15k-30k,经验1-3年,本科","移动互联网,文化娱乐 / 未融资","
职位描述：

工作职责： 1、参与分析电影行业相关的数据，包括文本、行为、交易数据，挖掘并建立影片的用户画像和特征体系。 2、负责应用各种机器学习算法，对即将上映的电影票房进行预测，并构建智能的排片系统。 3、关注电影行业领域大数据、人工智能等相关问题和算法，结合业务情况进行技术预研。  任职要求： 1、电子、通信、计算机、数学等相关专业本科以上学历，1年以上工作经验。 2、熟悉Linux环境下的代码开发，熟练掌握C/C++、Java、python、matlab等一门或多门编程语言。 3、熟练掌握常用的数据挖掘和机器学习算法，如分类、聚类、回归、时间序列模型等，熟悉各种特征提取、特征选择、数据降维等技术； 4、有票房分析与预测、用户行为分析、电影行业经验者优先。 5、工作有计划性，责任心和执行能力强，具备高度的责任心、诚信的工作作风、优秀沟通能力及团队精神。

"
大规模机器学习工程师,20k-40k,智铀科技,"20k-40k,经验1-3年,硕士",数据服务 / A轮,"
职位描述：

1、从事前沿大规模机器学习算法的研究与分布式开发，实现理论和工程的重大突破；
2、将算法应用到互联网海量数据中，解决公司核心机器学习问题，如搜索、推荐、CTR预估等；
3、提供开放平台，提供业内领先的机器学习服务，将技术创新推向亿万用户；
4、构建各种数据规模下，计算最快的大规模机器学习平台。
任职资格：
1、计算机、数学相关专业硕士以上学位;
2、良好的机器学习原理和最优化理论基础，深入理解机器学习问题求解方法;
3、有丰富的大规模机器学算法习开发和应用经验;
4、熟悉分布式/高性能计算系统，有map-reduce、spark、mpi、gpu等开发经验者优先;
5、具有良好的沟通能力，和良好的团队合作精神;
6. 在顶级国际期刊或国际会议上发表论文，或参加相关国际比赛获奖，及持有相关专利者优先

"
机器学习专家,30k-60k,永洪科技,"30k-60k,经验10年以上,硕士",企业服务、数据服务 / C轮,"
职位描述：

岗位职责:
1、深入理解机器学习的算法及其适用场景；
2、基于永洪现有产品，提出可扩展，高性能，高可用性设计方案；
3、调查并确定最适合的深度学习算法，并应用到我们产品中；
4、负责完成端到端的需求、设计、编码及测试工作。
职位要求：
1、本科以上学历，研究生或博士是加分项；
2、10年以上研发和研究领域工作经验；
3、具有统计或数据挖掘背景，并对机器学习算法有全面且深入的理解或研究；
4、五年以上机器学习、数据挖掘工作经验；
5、熟悉数据挖掘的流程，有丰富的数据挖掘实际项目，了解Dell Statistica，Alteryx，SAS等优先；
6、扎实的编程基础，至少熟练掌握一种编译型语言（java/C/C++），熟悉R语言优先；
7、熟悉分布式系统，有对海量数据进行数据挖掘经验优先；
8、有开发数据挖掘平台经验优先；
9、熟悉BI分析、大数据可视化等领域优先；
10、 具备强烈的责任感与自驱力，善于挑战设定更高目标，影响、带动相关团队，共同推动产品进步。

"
机器学习高级工程师,20k以上,新浪微博,"20k以上,经验不限,本科",移动互联网 / 上市公司,"
职位描述：

本科以上学历
熟悉机器学习基础理论
熟悉常用的机器学习算法
熟悉python、sql、linux
热爱数据科学、善于分析数据
熟悉推荐、NLP、CV、DL优先
熟悉java、c++、hadoop-eco优先
有知名公司相关岗位实习或工作经验优先

"
自动驾驶-机器人安全工程师,25k-50k,美团点评,"25k-50k,经验3-5年,本科","移动互联网,O2O / D轮及以上","
职位描述：

工作职责:
从事人工智能及IoT领域的网络安全技术研究
设计及参与实施人工智能网络安全架构，保证配送无人车网络环境安全
设计及参与实施安全的网络传输环境，负责建设或参与建设高强度、易用的人工智能网络安全协议
设计及参与实施授限及认证体系
能独立完成需求分析、概要设计、编码和单元测试等工作,具备规范的代码风格和逻辑能力
职责要求:
熟悉网络安全攻击方法（网络安全扫描原理及能力、协议分析、破解）
能从网络架构及协议层识别网络安全分析
熟悉多种身份认证技术的使用场景和技术实现方法，有软件研发经验
对数据加密、签名及完整性检测有研发经验
具有以下条件者优先：
有Linux、Android等OS的漏洞挖掘、POC、Exploit编写经验
熟悉Linux操作系统
熟悉TCP/IP，HTTP，HTTPS等网络协议
熟悉PKI，对RSA加密使用场景，对网络安全协议有深入了解

"
机器学习/深度学习平台研发工程师,20k-40k,猎户星空,"20k-40k,经验3-5年,本科","移动互联网,硬件 / A轮","
职位描述：

工作职责：
开发GPU计算管理平台，管理计算资源及存储资源，提供机器学习云服务
岗位要求：
1. 熟悉liuxu编程环境，有较强的开发能力（python/java)2. 熟悉分布式管理框架，有Mesos/Kubernets等项目经验的优先3. 了解深度学习框架，有相关开发经验的优先4. 善于学习，有良好的沟通能力和团队合作精神

"
机器学习/推荐算法-数据平台,25k-40k,小米,"25k-40k,经验3-5年,硕士",移动互联网 / D轮及以上,"
职位描述：

【职位吸引】
1.技术氛围很好，业务靠谱；
2.小米期权机会！

【工作职责】:
1.参与电商, 小说, 个性化Push等内容产品的个性化推荐工作；
2.负责推荐离线召回算法优化；
3.负责个性化推荐实时打分和排名算法优化；
4.负责CTR预估, LR等算法研发工作；
5.负责模型特征工程的优化和试验；
6.推荐内容理解和特征提取工作；
7.推荐用户理解和用户标签数据提取工作。
【任职要求】:
1.本科或以上,计算机或相关专业毕业；
2. 三年以上搜索、推荐或广告系统相关算法工作经验；
3. 熟悉算法和数据结构，熟悉计算机的基础理论；
4. 熟悉聚类、分类、回归、图模型等机器学习算法及原理, 有实际使用经验；
5. 熟悉自然语言处理，文本挖掘的算法原理，有实际建模经验或并行化经验；
6. 熟悉MPI、MapReduce、Spark等并行计算框架；
7. 工作细致、责任心强，具备较强的学习能力及理解能力，有良好的沟通能力和团队协作能力。

"
机器学习工程师（北京）,20k-40k,竹间智能科技(上海)有限公司,"20k-40k,经验1-3年,硕士","移动互联网,其他 / B轮","
职位描述：

岗位职责：
1.深入自然语言理解（NLU）技术和多模态情绪识别技术的研发与应用。
2.从事商业领域对话机器人（Chatbot）人工智能算法研究与应用。
3.将深度学习、强化学习等最前沿的AI技术应用于人机交互的各个方面，包括：问答系统，上下文理解，知识图谱，情绪识别与应对，任务达成以及开放域对话。
5. 开发开放平台，提供业内领先的人工智能与机器学习服务。

任职要求：
1.硕士学位以上，条件特别优秀者可放宽；
2.有机器学习、深度学习研发经验，熟练使用Tensorflow /PyTorch框架。
3.有使用过LSTM/GRU/Attention/RNN/CNN等模型结构，或者传统机器学习算法SVM/RF/GBDT/LR等，解决问题的项目经验或发表学术论文。
4.有强化学习（如DQN）经验者优先。有NLU/NLP经验者优先。
5.有Chatbot, QA系统，知识图谱，个人助理，IoT等开发经验者重点加分。
6.熟练使用Python, 如熟练Java有加分，工程经验丰富者重点加分。


其他说明：
1.    项目成员来自国内外名校、世界500强企业，在这里可以与业界技术大牛、商业精英共创AI大业。
2.    公司定位金融、电商、互联网、运营商、制造业等行业，在这里你的工作背景和行业经验，将在AI领域最前端技术和产品中得到极致发挥。
3.    我们实行扁平化的管理制度，你可以接触到算法大师、产品大牛、研发高手等精英人才，只要你有意愿在这里我们会为你提供更加广阔的职业舞台。
4.  丰厚的待遇，开放的工作氛围，期权配股，最具前景的AI企业期待您的加入，共创美好未来。

"
机器学习与图像识别算法工程师,15k-25k,北京三星通信研究院,"15k-25k,经验不限,硕士",其他 / D轮及以上,"
职位描述：

职位描述： - 从事图像的语义分析与理解、全自动的图像分类与标注，检索的研究与开发； - 具体任务包括：
分析、设计并实现图像特征表示方法、图像分类算法、图像自动语义挖掘算法，并对上述算法进行评测、分析与改进；
与国际顶尖的研究机构合作，参加图像分类与识别，检索的竞赛；
基于上述算法开发演示系统，并进行产品转化。  
职位要求：
计算机或电子类专业，硕士以上学历；
有车辆检测，行人检测等经验的优先；
熟练使用C/C++、Matlab编程；
能够熟练运用计算机视觉、模式识别的常用算法，如果具有图像分类、图像语义理解、图像自动标注，图像检索等项目开发经验的优先；
较好的英文文献阅读以及表达能力；
较强的团队协作能力；
能尽快入职者优先；
有Deep Learning相关原理和实践经验者优先。
 

"
机器人算法工程师,30k-50k,一维弦,"30k-50k,经验不限,博士",移动互联网 / A轮,"
职位描述：

工作要求：


工作内容涉及以下一个或多个方面：
机器人运动规划算法开发；
机器人视觉算法开发；
SLAM算法开发；
机器人算法应用开发；
机器人算法优化及产品化

职位要求：
重点大学计算机、自动化等相关专业硕士及以上学历；
具有机器人、机器学习相关算法实际项目经验；
熟悉c++，具有一定的编程功底；
具备深度学习算法开发经验者优先；
具备机械臂算法开发经验者优先；
具备SLAM开发经验者优先；
在机器人、计算机视觉领域重要会议或期刊发表论文者优先


"
视觉设计师,10k-15k,START,"10k-15k,经验1-3年,本科","移动互联网,O2O / C轮","
职位描述：

岗位职责：
负责START品牌延展及周边设计、企业文化设计应用；
负责各业务所需的品牌活动、营销创意、线上线下活动等相关的视觉设计；
岗位要求：

本科以上学历，至少1年以上平面视觉设计工作经历；
思维活跃、学习能力强、能够从业务出发设计，帮助品牌风格落地；
熟悉品牌文化调性，具备丰富的平面设计和广告创意能力；
具有优秀的美术及排版功底、美感和创造力；
能独立担当设计工作，能适应高强度工作，并保持乐观精神；
对共享、互联网产品、汽车行业感兴趣
具有较好的中英文水平
具有插画及手绘能力者优先
不甘于平庸，想找到一个志同道合的团队干出一片天地的优先！

"
计算机视觉工程师,20k-40k,Pico VR （小鸟看看）,"20k-40k,经验1-3年,硕士","硬件,其他 / 不需要融资","
职位描述：

工作职责：
1.   负责机器人/智能驾驶 定位导航算法开发及机器人/智能驾驶自主导航中的避障算法研发；
2.   负责深度图像处理算法的开发，实现目标的检测与跟踪，三维重建和三维物体识别。
3.   负责基于3D摄像头、IMU等传感器的SLAM算法的研发；

1.  模式识别/通信/计算机/电子/数学相关专业，硕士以上学历
2． 具有计算机视觉实际项目研发经验；
2.  精通Matlab/C/C++，熟悉数字图像处理和图形常用算法原理；
4.  有PTAM、LSD-SLAM、ORB-SLAM等SLAM开发经验优先；
5.  通过深度相机进行3D mesh相关处理开发经验优先；
6.  具备良好的学习能力，能够熟练阅读英文文献，并根据文献快速实现相关算法

"
无线视觉设计师,10k-20k,马蜂窝,"10k-20k,经验1-3年,本科","移动互联网,旅游 / D轮及以上","
职位描述：

岗位职责:1、主导把控图片旅行社交与视频社交业务的整体风格并跟进开发落地产品；2、根据对旅行场景中用户体验的理解和分析，提高界面的可用性，不断优化设计。3、对短视频行业和内容生态有一定理解，喜欢或使用过任职资格:- 对旅行有热爱，对移动资讯内容有感知度。- 本科以上学历美术、设计或相关专业- 3年以上从业经历、有成熟线上产品。- 有良好的沟通、协调能力，有同理心- 能够站在用户的角度去理解问题，发掘不足，善于总结- 旅行中喜欢用视频与图片记录旅行者优先。请附上你的作品，这样我就不会错过你

"
机器学习算法工程师,18k-36k,梅卡曼德,"18k-36k,经验1-3年,硕士","企业服务,硬件 / A轮","
职位描述：

岗位职责
设计并实现机器学习算法，主要是应用于机器视觉。

岗位要求

熟练掌握机器学习基本概念和常用方法
编程和算法基础扎实，熟练掌握C++或Python
能够熟练地阅读英文论文和技术文档，学习能力强
有机器视觉算法研发经验者优先
掌握Caffe/Tensorflow等深度学习框架者优先


"
深度学习/机器学习研发工程师,15k-30k,百度,"15k-30k,经验1-3年,本科","移动互联网,数据服务 / 不需要融资","
职位描述：

工作职责：
-机器学习算法在海量数据情况下的应用研究，致力于大规模算法的工程实现及针对具体应用的改进，提升用户产品体验或商业产品变现能力等
-参与分布式机器学习的研究项目，解决分布式算法优化的问题
-面对海量数据下机器学习的挑战，抽象通用化机器学习解决方案
-在模型压缩等方向，抽象软硬件强协同的整套解决方案
职位要求：
-本科以上学历，计算机、数学或统计学教育背景
-精通机器学习算法，有数据挖掘建模的项目经验，并能够进行算法优化
-熟悉Hadoop，Map Reduce等分布式并行处理技术
-了解现有深度学习/机器学习开源框架，如TensorFLow、Caffe等
-具有较强的编程实现能力和快速学习能力，良好的沟通能力
-加分项：有deep learning的经验，具备GPU编程经验者，有linux下开发经验的，大规模数据处理经验

"
资深视觉设计师,10k-20k,INK 银客集团,"10k-20k,经验3-5年,本科","移动互联网,金融 / C轮","
职位描述：

岗位职责：
1.负责品牌相关的活动专题创意视觉设计；
2.负责渠道推广及品牌的创意广告设计；
3.全权负责公司企业文化培训相关创意设计；
4.参与企业雇主品牌的视觉设计需求。

任职要求：
1.本科学历以上，2-3年以上工作经验，有4A工作经验，获奖设计作品加分；
2.具有优秀的视觉表现能力及美术功底，对视觉创意有一定的创意思路和方法；
3.在设计技能上有所专长（字体  版式  画面  插画）；
4.可独立完成整个项目的过程，有企业文化培训视觉设计优先，根据企业文化特点有独到的认知和创意；
5.富于创新，思维活跃对色彩和构成有较强的理解能力，有丰富的设计理论知识和对流行趋势的敏锐的洞察力。

"
【5Miles】机器学习研发工程师,15k-30k,第三石科技,"15k-30k,经验3-5年,本科","移动互联网,电子商务 / B轮","
职位描述：


对在以下至少一个领域有深入的研究：统计机器学习、计算机视觉、语音识别、自然语言理解；
掌握至少一种常用深度学习的框架Theano，Keras，Mxnet，Caffe，Tensorflow；
编程能力优秀，熟练掌握Java/Python等开发语言；
对CNN，RNN/LSTM，CTC，Attentionmodel等模型有深入研究，有实践经验，掌握调参策略；
熟悉机器学习可视化，对大规模机器学习模型、树模型、深度学习、强化学习等模型的可视化做过深入的研究；
有良好的数据分析与处理能力； 
有良好的英文文献阅读能力； 
有完整的国内外大型机器学习项目经历者优先 ；
有良好的沟通能力和团队协作精神。


"
机器学习/深度学习算法工程师,20k-30k,驭势科技,"20k-30k,经验3-5年,硕士","移动互联网,硬件 / A轮","
职位描述：


工作职责

既要让自动驾驶更好的理解周围，又要挑战更多ML用于无人驾驶的可能



职位要求

熟悉机器学习的基本方法 ( 降维、分类、回归、排序等等 )
熟悉深度学习原理和基本模型，熟练使用 Caffe ，Theano 或其他常用深度学习工具，并能够灵活的解决实际问题
熟悉计算机视觉和图像处理的常用方法 ( 物体检测、跟踪、分割、分类识别等 ) 。学习能力强，读机器学习、计算机视觉领域的论文易如反掌
有很强的工程能力，精通 C++ 语言以及至少另一种常见编程语言
对计算机架构有深刻的认识，能够开发高性能、实时运行的图像处理软件
有发明创造的理想和热情，致力于创造解决实际问题的视觉感知技术
尝试将机器学习和深度学习技术应用于非识别领域。



优先考虑

发表过CVPR/ECCV/ICCV/NIPS/ICML 等视觉和 AI 领域会议文章
熟悉图像识别领域的常见工具如 OpenCV 等
熟悉高性能运算加速工具如 Neon 以及GPGPU 技术如 GLES， CUDA 和OpenCL 等


"
